Athena	
Illume Station	
Tranquility Base	
Arcadia Terminal	
Lumina Colony	
Helios Colony	
Babylon Terminal	
Mystery Base	
Paragon	
Sol	
Burrow Colony	
Specter Station	
Aether Terminal	
Asteria Terminal	
Infinity Station	
Vanguard Colony	
Luna Colony	
Orbital Colony	
Baldur Terminal	
Trivia Station	
Luna Station	
Vanquish Terminal	
Aurora Base	
Phantasm Terminal	
Aurora Colony	
Baldur Colony	
Aether	
Architect Terminal	
Virtue Colony	
Lumina Station	
Terran Base	
Serenity	
Vanquish Colony	
Victoria	
Luminous Colony	
Borealis	
Nyx Base	
Illume Base	
Minerva Station	
Amazone	
Genius Colony	
Ancestor Base	
Vesta Base	
Ark Terminal	
Vestige Terminal	
Exposure	
Arcadis	
Miracle Colony	
Selene Base	
Relic Colony	
Arch Base	
Azure	
Aura Station	
Mythos	
Artemis Colony	
Heritage	
Lore Colony	
Dune Base	
Saga Base	
Victoria Terminal	
Marvel Colony	
Vestige Colony	
Solas Colony	
Awe Base	
Exposure Station	
Yggdrasil Colony	
Atmos	
Pioneer Station	
Radiance Terminal	
Prophecy	
Osiris Station	
Lucent Station	
Guardian	
Shepherd	
Shangris Base	
Anomaly	
Vanguard Colony	
Vestige	
Orbital Base	
Azure Station	
Halo Colony	
Terminus Colony	
Inception	
Empyrea	
Novis Station	
Nemo Colony	
Nemo Station	
Lore Station	
Ecstasis Station	
Settler Terminal	
Enigma Station	
Hermes Colony	
Awe Station	
Rogue	
Anomaly Base	
Memento Base	
Epitome Colony	
Spectacle Base	
Nebula Station	
Parable Terminal